url_path,views_total,views_unique
/CDCgov/Opioid_SUD_MHI_MedCodes,3,3
/CDCgov/Opioid_SUD_MHI_MedCodes/commit/a68a297e1bf7485c84bc7142d6cfbf75a21caf40,2,2
/CDCgov/Opioid_SUD_MHI_MedCodes/pull/4,2,1
/CDCgov/Opioid_SUD_MHI_MedCodes/blob/master/NCHS_PCORTF_codebased.py,1,1
/CDCgov/Opioid_SUD_MHI_MedCodes/blob/master/README.md,1,1
/CDCgov/Opioid_SUD_MHI_MedCodes/commit/60293f36546d8b2717e87a1371d7784227ab175f,1,1
/CDCgov/Opioid_SUD_MHI_MedCodes/issues,1,1
/CDCgov/Opioid_SUD_MHI_MedCodes/issues/views,1,1
/CDCgov/Opioid_SUD_MHI_MedCodes/pulls,1,1
/CDCgov/Opioid_SUD_MHI_MedCodes/releases,1,1
